Processes,Threads,Execution Time (s),Confidence Interval
1,1,22.963,0.160
8,1,7.9293,0.0146
16,1,8.51563,0.00721
32,1,10.2301,0.0977
64,1,13.6137,0.0292
